{
    "collider": {
        "offset": [
            -0.00869441032409668,
            5.585841655731201,
            -0.250809907913208
        ],
        "size": [
            3.9867115020751953,
            5.5147318840026855,
            3.349466562271118
        ]
    },
    "model_path": "CookingStation/Assets/models/klienci/klientka3.gltf",
    "name": "klientka3",
    "position": [
        15.28573226928711,
        0.0,
        2.834705352783203
    ],
    "rotation": [
        0.0,
        0.0,
        0.0
    ],
    "scale": [
        1.0,
        1.0,
        1.0
    ],
    "scripts": [
        "PotScript"
    ]
}